,mean_abs_shap,spearman_value_vs_shap
estimated_days,0.5951508369480537,-0.9822042904355064
approve_month,0.41371524231425605,0.015818238733347367
customer_state,0.34847985128141634,
seller_avg_delivery_days_90d,0.2643481279620557,0.9541574201530668
distance_km,0.12374469972109797,0.9075235638587074
product_category,0.10532458557625654,
seller_state,0.07263500072158534,
seller_late_rate_90d,0.05913036041951287,0.3152290211846385
seller_orders_90d,0.044524173699819904,-0.3816283960351292
same_state,0.04017041081986417,-0.8474509306130997
freight_ratio,0.031269934243252175,-0.816397597821266
n_sellers,0.022027491379050166,-0.2302762792951654
approve_hour,0.017467848026051884,0.5311922707808295
payment_installments,0.014013655420953806,0.8901572932946383
n_items,0.011326942634093127,-0.47167774191522144
approve_dow,0.009240470938197978,-0.2042463012534264
payment_type,0.0064561443304127,
